{
    "PSL": {
            "MAX_RULES": "None",
            "ANYBURL_RULES_THRESHOLD": "0.7",
            "PREDICT_PREDICATES_ONE_AT_A_TIME": "False",
            "TOP_K_RULES" : {
                "ENABLED" : "False",
                "K" : "10000000"
            },
            "CUSTOM_RULE_WEIGHTING" : {
                "ENABLED" : "True",
                "WEIGHTING_TYPE" : "inverse_log"
            },
            "FILTER_RESULTS" : "True",
            "RULE_LENGTH" : {
                "ENABLED" : "True",
                "LENGTH" : "1"
            },
            "LEARNING" : {
                "ENABLED" : "False"
            }
        }
}