{
    "PSL": {
            "MAX_RULES": "60000",
            "ANYBURL_RULES_THRESHOLD": "0.5",
            "PREDICT_PREDICATES_ONE_AT_A_TIME": "False",
            "TOP_K_RULES" : {
                "ENABLED" : "True",
                "K" : "60000"
            },
            "CUSTOM_RULE_WEIGHTING" : {
                "ENABLED" : "True",
                "WEIGHTING_TYPE" : "binary"
            },
            "FILTER_RESULTS" : "True",
            "RULE_LENGTH" : {
                "ENABLED" : "True",
                "LENGTH" : "1"
            }
        }
}